{"cameraMode":{"drawMode":0,"name":"Shaded","section":"Shading Mode"},"sceneLighting":true,"audioPlay":false,"sceneViewState":{"showFog":true,"showMaterialUpdate":false,"showSkybox":true,"showFlares":true,"showImageEffects":true,"showParticleSystems":true},"in2DMode":false,"pivot":{"x":56.794273376464847,"y":-8.957772254943848,"z":20.13492202758789},"rotation":{"x":0.0908270925283432,"y":-0.6570417284965515,"z":0.08025501668453217,"w":0.7440812587738037},"size":75.54144287109375,"orthographic":false}