{"cameraMode":{"drawMode":2,"name":"Shaded Wireframe","section":"Shading Mode"},"sceneLighting":true,"audioPlay":false,"sceneViewState":{"showFog":true,"showMaterialUpdate":false,"showSkybox":true,"showFlares":true,"showImageEffects":true,"showParticleSystems":true},"in2DMode":false,"pivot":{"x":-49.85588073730469,"y":-11.113079071044922,"z":-15.322378158569336},"rotation":{"x":-0.11114240437746048,"y":0.8831750750541687,"z":-0.264516144990921,"w":-0.37112122774124148},"size":23.228334426879884,"orthographic":true}