{"cameraMode":{"drawMode":2,"name":"Shaded Wireframe","section":"Shading Mode"},"sceneLighting":true,"audioPlay":false,"sceneViewState":{"showFog":true,"showMaterialUpdate":false,"showSkybox":true,"showFlares":true,"showImageEffects":true,"showParticleSystems":true},"in2DMode":false,"pivot":{"x":18.53205680847168,"y":3.5205142498016359,"z":29.366037368774415},"rotation":{"x":0.11827992647886276,"y":-0.6810048222541809,"z":0.11229243874549866,"w":0.714104175567627},"size":3.035170078277588,"orthographic":false}