{"cameraMode":{"drawMode":0,"name":"Shaded","section":"Shading Mode"},"sceneLighting":true,"audioPlay":false,"sceneViewState":{"showFog":true,"showMaterialUpdate":false,"showSkybox":true,"showFlares":true,"showImageEffects":true,"showParticleSystems":true},"in2DMode":false,"pivot":{"x":88.0877685546875,"y":-1.1630215644836426,"z":6.930070877075195},"rotation":{"x":0.12753933668136598,"y":-0.7129237055778503,"z":0.13560442626476289,"w":0.6764679551124573},"size":5.954099655151367,"orthographic":false}