{"cameraMode":{"drawMode":2,"name":"Shaded Wireframe","section":"Shading Mode"},"sceneLighting":true,"audioPlay":false,"sceneViewState":{"showFog":true,"showMaterialUpdate":false,"showSkybox":true,"showFlares":true,"showImageEffects":true,"showParticleSystems":true},"in2DMode":false,"pivot":{"x":3.0332515239715578,"y":1.8924139738082886,"z":-0.5276761054992676},"rotation":{"x":0.15222375094890595,"y":0.10004457086324692,"z":-0.015490897931158543,"w":0.9831475615501404},"size":6.1083526611328129,"orthographic":false}