{"cameraMode":{"drawMode":2,"name":"Shaded Wireframe","section":"Shading Mode"},"sceneLighting":false,"audioPlay":false,"sceneViewState":{"showFog":true,"showMaterialUpdate":false,"showSkybox":true,"showFlares":true,"showImageEffects":true,"showParticleSystems":true},"in2DMode":false,"pivot":{"x":0.4158080816268921,"y":1.2052297592163087,"z":0.7480741739273071},"rotation":{"x":0.25265082716941836,"y":0.037152376025915149,"z":-0.009709530510008335,"w":0.9667952656745911},"size":18.887977600097658,"orthographic":false}